os_type,opened_port,opened_port_list,opened_service,opened_service_list,service_list,total_exploit,session_reverse,session_list,exploit_sucess
windows,16,"['21', '135', '139', '445', '554', '1025', '1026', '1027', '1028', '1032', '1033', '2869', '3790', '5357', '8834', '10243']",4,"['xlight ftpd', 'windows rpc', 'windows netbios-ssn', 'windows 7 - 10 microsoft-ds']","[{'prod_name': 'windows rpc', 'version': 'unknown', 'protocol': 'tcp', 'exploit': ['windows/http/ca_arcserve_rpc_authbypass', 'windows/dcerpc/ms07_029_msdns_zonename', 'windows/smb/ms08_067_netapi', 'multi/misc/msf_rpc_console', 'windows/antivirus/symantec_workspace_streaming_exec', 'multi/misc/teamcity_agent_xmlrpc_exec', 'windows/local/ms16_075_reflection_juicy']}]",7,0,[],False
linux,13,"['21', '22', '23', '25', '53', '80', '139', '445', '3306', '3632', '5432', '8009', '8180']",13,"['proftpd', 'ssh', 'telnet', 'postfix smtpd', 'isc bind', 'apache', 'samba', 'samba', 'mysql', 'distccd', 'postgresql', 'apache', 'apache']","[{'prod_name': 'proftpd', 'version': '1.3.1', 'protocol': 'tcp', 'exploit': ['linux/ftp/proftp_sreplace', 'linux/ftp/proftp_telnet_iac']}, {'prod_name': 'ssh', 'version': '4.7p1 Debian 8ubuntu1', 'protocol': 'tcp', 'exploit': ['linux/http/cisco_asax_sfr_rce', 'multi/http/git_submodule_command_exec', 'linux/ssh/microfocus_obr_shrboadmin', 'linux/http/sourcegraph_gitserver_sshcmd', 'linux/http/symantec_messaging_gateway_exec', 'unix/ssh/tectia_passwd_changereq']}, {'prod_name': 'telnet', 'version': 'unknown', 'protocol': 'tcp', 'exploit': ['linux/http/asuswrt_lan_rce', 'linux/ftp/proftp_telnet_iac']}, {'prod_name': 'isc bind', 'version': '9.4.2', 'protocol': 'tcp', 'exploit': []}, {'prod_name': 'apache', 'version': '2.2.8', 'protocol': 'tcp', 'exploit': ['multi/http/apache_activemq_upload_jsp', 'linux/http/apache_couchdb_cmd_exec', 'linux/http/apache_druid_js_rce', 'multi/http/apache_flink_jar_upload_exec', 'linux/misc/nimbus_gettopologyhistory_cmd_exec', 'multi/http/struts_default_action_mapper', 'multi/http/struts2_multi_eval_ognl', 'multi/http/struts2_namespace_ognl', 'multi/http/struts2_content_type_ognl', 'multi/http/tomcat_mgr_deploy', 'multi/http/tomcat_mgr_upload', 'multi/http/apache_mod_cgi_bash_env_exec', 'linux/http/klog_server_authenticate_user_unauth_command_injection', 'multi/http/log4shell_header_injection', 'unix/webapp/projectpier_upload_exec', 'linux/http/piranha_passwd_exec', 'linux/http/vmware_view_planner_4_6_uploadlog_rce']}, {'prod_name': 'samba', 'version': '3.X - 4.X', 'protocol': 'tcp', 'exploit': ['unix/http/quest_kace_systems_management_rce', 'linux/samba/is_known_pipename']}, {'prod_name': 'samba', 'version': '3.X - 4.X', 'protocol': 'tcp', 'exploit': ['unix/http/quest_kace_systems_management_rce', 'linux/samba/is_known_pipename']}, {'prod_name': 'mysql', 'version': '5.0.51a-3ubuntu5', 'protocol': 'tcp', 'exploit': ['multi/http/manage_engine_dc_pmp_sqli']}, {'prod_name': 'postgresql', 'version': '8.3.0 - 8.3.7', 'protocol': 'tcp', 'exploit': ['multi/http/manage_engine_dc_pmp_sqli', 'multi/postgres/postgres_copy_from_program_cmd_exec']}, {'prod_name': 'apache', 'version': 'unknown', 'protocol': 'tcp', 'exploit': ['multi/http/apache_activemq_upload_jsp', 'linux/http/apache_couchdb_cmd_exec', 'linux/http/apache_druid_js_rce', 'multi/http/apache_flink_jar_upload_exec', 'linux/misc/nimbus_gettopologyhistory_cmd_exec', 'multi/http/struts_default_action_mapper', 'multi/http/struts2_multi_eval_ognl', 'multi/http/struts2_namespace_ognl', 'multi/http/struts2_content_type_ognl', 'multi/http/tomcat_mgr_deploy', 'multi/http/tomcat_mgr_upload', 'multi/http/apache_mod_cgi_bash_env_exec', 'linux/http/klog_server_authenticate_user_unauth_command_injection', 'multi/http/log4shell_header_injection', 'unix/webapp/projectpier_upload_exec', 'linux/http/piranha_passwd_exec', 'linux/http/vmware_view_planner_4_6_uploadlog_rce']}, {'prod_name': 'apache', 'version': '1.1', 'protocol': 'tcp', 'exploit': ['multi/http/apache_activemq_upload_jsp', 'linux/http/apache_couchdb_cmd_exec', 'linux/http/apache_druid_js_rce', 'multi/http/apache_flink_jar_upload_exec', 'linux/misc/nimbus_gettopologyhistory_cmd_exec', 'multi/http/struts_default_action_mapper', 'multi/http/struts2_multi_eval_ognl', 'multi/http/struts2_namespace_ognl', 'multi/http/struts2_content_type_ognl', 'multi/http/tomcat_mgr_deploy', 'multi/http/tomcat_mgr_upload', 'multi/http/apache_mod_cgi_bash_env_exec', 'linux/http/klog_server_authenticate_user_unauth_command_injection', 'multi/http/log4shell_header_injection', 'unix/webapp/projectpier_upload_exec', 'linux/http/piranha_passwd_exec', 'linux/http/vmware_view_planner_4_6_uploadlog_rce']}]",68,0,[],False
linux,26,"['21', '22', '25', '80', '110', '111', '139', '143', '443', '445', '945', '993', '995', '3306', '5801', '5802', '5803', '5804', '5901', '5902', '5903', '5904', '6001', '6002', '6003', '6004']",2,"['vsftpd', 'ssh']","[{'prod_name': 'ssh', 'version': '4.3', 'protocol': 'tcp', 'exploit': ['linux/http/cisco_asax_sfr_rce', 'multi/http/git_submodule_command_exec', 'linux/ssh/microfocus_obr_shrboadmin', 'linux/http/sourcegraph_gitserver_sshcmd', 'linux/http/symantec_messaging_gateway_exec', 'unix/ssh/tectia_passwd_changereq']}]",6,0,[],False
linux,2,"['139', '445']",2,"['samba', 'samba']","[{'prod_name': 'samba', 'version': '3.X - 4.X', 'protocol': 'tcp', 'exploit': ['unix/http/quest_kace_systems_management_rce', 'linux/samba/is_known_pipename']}, {'prod_name': 'samba', 'version': '3.X - 4.X', 'protocol': 'tcp', 'exploit': ['unix/http/quest_kace_systems_management_rce', 'linux/samba/is_known_pipename']}]",4,0,[],False
linux,5,"['139', '445', '8000', '8080', '44449']",5,"['samba', 'samba', 'wsgiserver', 'basehttpserver', 'basehttpserver']","[{'prod_name': 'samba', 'version': '3.X - 4.X', 'protocol': 'tcp', 'exploit': ['unix/http/quest_kace_systems_management_rce', 'linux/samba/is_known_pipename']}, {'prod_name': 'samba', 'version': '3.X - 4.X', 'protocol': 'tcp', 'exploit': ['unix/http/quest_kace_systems_management_rce', 'linux/samba/is_known_pipename']}]",4,0,[],False
linux,2,"['22', '80']",2,"['ssh', 'apache']","[{'prod_name': 'ssh', 'version': '8.4p1 Debian 5', 'protocol': 'tcp', 'exploit': ['linux/http/cisco_asax_sfr_rce', 'multi/http/git_submodule_command_exec', 'linux/ssh/microfocus_obr_shrboadmin', 'linux/http/sourcegraph_gitserver_sshcmd', 'linux/http/symantec_messaging_gateway_exec', 'unix/ssh/tectia_passwd_changereq']}, {'prod_name': 'apache', 'version': '2.4.48', 'protocol': 'tcp', 'exploit': ['multi/http/apache_activemq_upload_jsp', 'linux/http/apache_couchdb_cmd_exec', 'linux/http/apache_druid_js_rce', 'multi/http/apache_flink_jar_upload_exec', 'linux/misc/nimbus_gettopologyhistory_cmd_exec', 'multi/http/struts_default_action_mapper', 'multi/http/struts2_multi_eval_ognl', 'multi/http/struts2_namespace_ognl', 'multi/http/struts2_content_type_ognl', 'multi/http/tomcat_mgr_deploy', 'multi/http/tomcat_mgr_upload', 'multi/http/apache_mod_cgi_bash_env_exec', 'linux/http/klog_server_authenticate_user_unauth_command_injection', 'multi/http/log4shell_header_injection', 'unix/webapp/projectpier_upload_exec', 'linux/http/piranha_passwd_exec', 'linux/http/vmware_view_planner_4_6_uploadlog_rce']}]",23,0,[],False
linux,30,"['21', '22', '23', '25', '53', '80', '111', '139', '445', '512', '513', '514', '1099', '1524', '2049', '2121', '3306', '3632', '5432', '5900', '6000', '6667', '6697', '8009', '8180', '8787', '39833', '47426', '47732', '51084']",6,"['vsftpd', 'openssh', 'telnet', 'postfix smtpd', 'isc bind', 'apache']","[{'prod_name': 'vsftpd', 'version': '2.3.4', 'protocol': 'tcp', 'exploit': ['unix/ftp/vsftpd_234_backdoor']}, {'prod_name': 'telnet', 'version': 'unknown', 'protocol': 'tcp', 'exploit': ['linux/misc/asus_infosvr_auth_bypass_exec', 'linux/http/asuswrt_lan_rce', 'linux/http/dlink_diagnostic_exec_noauth', 'linux/http/dlink_dir300_exec_telnet', 'unix/webapp/dogfood_spell_exec', 'linux/http/huawei_hg532n_cmdinject', 'linux/misc/igel_command_injection', 'linux/telnet/telnet_encrypt_keyid', 'linux/telnet/netgear_telnetenable', 'unix/misc/polycom_hdx_traceroute_exec', 'linux/ftp/proftp_telnet_iac', 'linux/http/tp_link_sc2020n_authenticated_telnet_injection', 'linux/ssh/vyos_restricted_shell_privesc']}, {'prod_name': 'isc bind', 'version': '9.4.2', 'protocol': 'tcp', 'exploit': ['linux/http/dlink_hnap_login_bof']}, {'prod_name': 'apache', 'version': '2.2.8', 'protocol': 'tcp', 'exploit': ['multi/http/apache_apisix_api_default_token_rce', 'linux/http/atutor_filemanager_traversal', 'multi/http/apache_activemq_upload_jsp', 'multi/http/apache_normalize_path_rce', 'linux/http/apache_continuum_cmd_exec', 'linux/http/apache_couchdb_cmd_exec', 'linux/http/apache_druid_js_rce', 'multi/http/apache_flink_jar_upload_exec', 'multi/http/apache_nifi_processor_rce', 'linux/http/apache_ofbiz_deserialization_soap', 'linux/http/apache_ofbiz_deserialization', 'multi/misc/openoffice_document_macro', 'multi/http/apache_roller_ognl_injection', 'multi/http/shiro_rememberme_v124_deserialize', 'multi/http/solr_velocity_rce', 'linux/http/spark_unauth_rce', 'linux/http/apache_spark_rce_cve_2022_33891', 'linux/misc/nimbus_gettopologyhistory_cmd_exec', 'multi/http/struts_default_action_mapper', 'multi/http/struts_dev_mode', 'multi/http/struts2_multi_eval_ognl', 'multi/http/struts2_namespace_ognl', 'multi/http/struts2_rest_xstream', 'multi/http/struts2_code_exec_showcase', 'multi/http/struts_dmi_exec', 'multi/http/struts2_content_type_ognl', 'multi/http/struts_code_exec_parameters', 'multi/http/struts_dmi_rest_exec', 'multi/http/struts_code_exec_exception_delegator', 'multi/http/struts_include_params', 'multi/http/tomcat_mgr_deploy', 'multi/http/tomcat_mgr_upload', 'multi/http/apache_mod_cgi_bash_env_exec', 'multi/http/cisco_dcnm_upload_2019', 'linux/http/cpi_tararchive_upload', 'linux/http/cisco_prime_inf_rce', 'unix/http/contentkeeperweb_mimencode', 'multi/http/sonicwall_scrutinizer_methoddetail_sqli', 'linux/http/eyesofnetwork_autodiscovery_rce', 'linux/http/klog_server_authenticate_user_unauth_command_injection', 'linux/local/kloxo_lxsuexec', 'multi/http/log4shell_header_injection', 'linux/http/mida_solutions_eframework_ajaxreq_rce', 'linux/http/nagios_xi_snmptrap_authenticated_rce', 'linux/http/nagios_xi_mibs_authenticated_rce', 'linux/http/nagios_xi_plugins_filename_authenticated_rce', 'unix/webapp/projectpier_upload_exec', 'linux/http/piranha_passwd_exec', 'unix/webapp/spip_connect_exec', 'unix/misc/spamassassin_exec', 'linux/http/symantec_web_gateway_lfi', 'multi/http/tomcat_jsp_upload_bypass', 'linux/http/trendmicro_websecurity_exec', 'linux/http/vmware_view_planner_4_6_uploadlog_rce', 'unix/webapp/jquery_file_upload']}]",70,1,"[{'type': 'shell', 'port': '21', 'prod_name': 'vsftpd', 'exploit': 'unix/ftp/vsftpd_234_backdoor', 'target': '0', 'payload': 'cmd/unix/interact'}]",True
linux,2,"['22', '80']",2,"['ssh', 'apache']","[{'prod_name': 'ssh', 'version': '8.2p1 Ubuntu 4ubuntu0.3', 'protocol': 'tcp', 'exploit': ['linux/http/cisco_asax_sfr_rce', 'multi/http/git_submodule_command_exec', 'linux/ssh/microfocus_obr_shrboadmin', 'linux/http/sourcegraph_gitserver_sshcmd', 'linux/http/symantec_messaging_gateway_exec', 'unix/ssh/tectia_passwd_changereq']}, {'prod_name': 'apache', 'version': '2.4.41', 'protocol': 'tcp', 'exploit': ['multi/http/apache_activemq_upload_jsp', 'linux/http/apache_couchdb_cmd_exec', 'linux/http/apache_druid_js_rce', 'multi/http/apache_flink_jar_upload_exec', 'linux/misc/nimbus_gettopologyhistory_cmd_exec', 'multi/http/struts_default_action_mapper', 'multi/http/struts2_multi_eval_ognl', 'multi/http/struts2_namespace_ognl', 'multi/http/struts2_content_type_ognl', 'multi/http/tomcat_mgr_deploy', 'multi/http/tomcat_mgr_upload', 'multi/http/apache_mod_cgi_bash_env_exec', 'linux/http/klog_server_authenticate_user_unauth_command_injection', 'multi/http/log4shell_header_injection', 'unix/webapp/projectpier_upload_exec', 'linux/http/piranha_passwd_exec', 'linux/http/vmware_view_planner_4_6_uploadlog_rce']}]",23,0,[],False
linux,3,"['21', '22', '80']",3,"['vsftpd', 'ssh', 'apache']","[{'prod_name': 'vsftpd', 'version': '3.0.3', 'protocol': 'tcp', 'exploit': ['unix/ftp/vsftpd_234_backdoor']}, {'prod_name': 'ssh', 'version': '8.2p1 Ubuntu 4ubuntu0.3', 'protocol': 'tcp', 'exploit': ['linux/ssh/ceragon_fibeair_known_privkey', 'linux/ssh/exagrid_known_privkey', 'linux/ssh/f5_bigip_known_privkey', 'linux/ssh/loadbalancerorg_enterprise_known_privkey', 'linux/ssh/mercurial_ssh_exec', 'linux/ssh/quantum_dxi_known_privkey', 'linux/ssh/solarwinds_lem_exec', 'linux/http/sourcegraph_gitserver_sshcmd', 'linux/ssh/symantec_smg_ssh', 'unix/ssh/tectia_passwd_changereq', 'linux/ssh/vmware_vdp_known_privkey']}, {'prod_name': 'apache', 'version': '2.4.41', 'protocol': 'tcp', 'exploit': ['multi/http/apache_normalize_path_rce', 'linux/http/apache_continuum_cmd_exec', 'linux/http/apache_couchdb_cmd_exec', 'linux/http/apache_druid_js_rce', 'multi/http/apache_flink_jar_upload_exec', 'multi/http/apache_nifi_processor_rce', 'linux/http/apache_ofbiz_deserialization_soap', 'linux/http/apache_ofbiz_deserialization', 'multi/misc/openoffice_document_macro', 'multi/http/apache_roller_ognl_injection', 'multi/http/shiro_rememberme_v124_deserialize', 'multi/http/solr_velocity_rce', 'linux/http/spark_unauth_rce', 'linux/http/apache_spark_rce_cve_2022_33891', 'linux/misc/nimbus_gettopologyhistory_cmd_exec', 'multi/http/struts_default_action_mapper', 'multi/http/struts_dev_mode', 'multi/http/struts2_multi_eval_ognl', 'multi/http/struts2_namespace_ognl', 'multi/http/struts2_rest_xstream', 'multi/http/struts2_code_exec_showcase', 'multi/http/struts_dmi_exec', 'multi/http/struts2_content_type_ognl', 'multi/http/struts_code_exec_parameters', 'multi/http/struts_dmi_rest_exec', 'multi/http/struts_code_exec_exception_delegator', 'multi/http/struts_include_params', 'multi/http/tomcat_mgr_deploy', 'multi/http/tomcat_mgr_upload', 'multi/http/apache_mod_cgi_bash_env_exec']}]",43,0,[],False
linux,3,"['22', '80', '443']",3,"['ssh', 'apache', 'apache']","[{'prod_name': 'ssh', 'version': '8.6', 'protocol': 'tcp', 'exploit': ['linux/ssh/ceragon_fibeair_known_privkey', 'linux/ssh/exagrid_known_privkey', 'linux/ssh/f5_bigip_known_privkey', 'linux/ssh/loadbalancerorg_enterprise_known_privkey', 'linux/ssh/mercurial_ssh_exec', 'linux/ssh/quantum_dxi_known_privkey', 'linux/ssh/solarwinds_lem_exec', 'linux/http/sourcegraph_gitserver_sshcmd', 'linux/ssh/symantec_smg_ssh', 'unix/ssh/tectia_passwd_changereq', 'linux/ssh/vmware_vdp_known_privkey']}, {'prod_name': 'apache', 'version': '2.4.51', 'protocol': 'tcp', 'exploit': ['multi/http/apache_normalize_path_rce', 'linux/http/apache_continuum_cmd_exec', 'linux/http/apache_couchdb_cmd_exec', 'linux/http/apache_druid_js_rce', 'multi/http/apache_flink_jar_upload_exec', 'multi/http/apache_nifi_processor_rce', 'linux/http/apache_ofbiz_deserialization_soap', 'linux/http/apache_ofbiz_deserialization', 'multi/misc/openoffice_document_macro', 'multi/http/apache_roller_ognl_injection', 'multi/http/shiro_rememberme_v124_deserialize', 'multi/http/solr_velocity_rce', 'linux/http/spark_unauth_rce', 'linux/http/apache_spark_rce_cve_2022_33891', 'linux/misc/nimbus_gettopologyhistory_cmd_exec', 'multi/http/struts_default_action_mapper', 'multi/http/struts_dev_mode', 'multi/http/struts2_multi_eval_ognl', 'multi/http/struts2_namespace_ognl', 'multi/http/struts2_rest_xstream', 'multi/http/struts2_code_exec_showcase', 'multi/http/struts_dmi_exec', 'multi/http/struts2_content_type_ognl', 'multi/http/struts_code_exec_parameters', 'multi/http/struts_dmi_rest_exec', 'multi/http/struts_code_exec_exception_delegator', 'multi/http/struts_include_params', 'multi/http/tomcat_mgr_deploy', 'multi/http/tomcat_mgr_upload', 'multi/http/apache_mod_cgi_bash_env_exec']}, {'prod_name': 'apache', 'version': '2.4.51', 'protocol': 'tcp', 'exploit': ['multi/http/apache_normalize_path_rce', 'linux/http/apache_continuum_cmd_exec', 'linux/http/apache_couchdb_cmd_exec', 'linux/http/apache_druid_js_rce', 'multi/http/apache_flink_jar_upload_exec', 'multi/http/apache_nifi_processor_rce', 'linux/http/apache_ofbiz_deserialization_soap', 'linux/http/apache_ofbiz_deserialization', 'multi/misc/openoffice_document_macro', 'multi/http/apache_roller_ognl_injection', 'multi/http/shiro_rememberme_v124_deserialize', 'multi/http/solr_velocity_rce', 'linux/http/spark_unauth_rce', 'linux/http/apache_spark_rce_cve_2022_33891', 'linux/misc/nimbus_gettopologyhistory_cmd_exec', 'multi/http/struts_default_action_mapper', 'multi/http/struts_dev_mode', 'multi/http/struts2_multi_eval_ognl', 'multi/http/struts2_namespace_ognl', 'multi/http/struts2_rest_xstream', 'multi/http/struts2_code_exec_showcase', 'multi/http/struts_dmi_exec', 'multi/http/struts2_content_type_ognl', 'multi/http/struts_code_exec_parameters', 'multi/http/struts_dmi_rest_exec', 'multi/http/struts_code_exec_exception_delegator', 'multi/http/struts_include_params', 'multi/http/tomcat_mgr_deploy', 'multi/http/tomcat_mgr_upload', 'multi/http/apache_mod_cgi_bash_env_exec']}]",73,0,[],False
linux,31,"['21', '22', '23', '25', '53', '80', '111', '139', '445', '512', '513', '514', '1099', '1524', '2049', '2121', '3306', '3632', '5432', '5900', '6000', '6200', '6667', '6697', '8009', '8180', '8787', '41038', '44255', '44269', '48190']",23,"['vsftpd', 'ssh', 'telnet', 'postfix smtpd', 'isc bind', 'apache', 'samba', 'samba', 'netkit-rsh rexecd', 'netkit rshd', 'java-rmi', 'metasploitable root shell', 'proftpd', 'mysql', 'distcc', 'postgresql', 'vnc', 'irc', 'irc', 'apache', 'apache', 'ruby drb rmi', 'java-rmi']","[{'prod_name': 'vsftpd', 'version': '2.3.4', 'protocol': 'tcp', 'exploit': ['unix/ftp/vsftpd_234_backdoor']}, {'prod_name': 'ssh', 'version': '4.7p1 Debian 8ubuntu1', 'protocol': 'tcp', 'exploit': ['linux/ssh/ceragon_fibeair_known_privkey', 'linux/ssh/exagrid_known_privkey', 'linux/ssh/f5_bigip_known_privkey', 'linux/ssh/loadbalancerorg_enterprise_known_privkey', 'linux/ssh/mercurial_ssh_exec', 'linux/ssh/quantum_dxi_known_privkey', 'linux/ssh/solarwinds_lem_exec', 'linux/http/sourcegraph_gitserver_sshcmd', 'linux/ssh/symantec_smg_ssh', 'unix/ssh/tectia_passwd_changereq', 'linux/ssh/vmware_vdp_known_privkey']}, {'prod_name': 'telnet', 'version': 'unknown', 'protocol': 'tcp', 'exploit': ['linux/telnet/telnet_encrypt_keyid', 'linux/telnet/netgear_telnetenable', 'linux/ftp/proftp_telnet_iac', 'linux/http/tp_link_sc2020n_authenticated_telnet_injection']}, {'prod_name': 'apache', 'version': '2.2.8', 'protocol': 'tcp', 'exploit': ['multi/http/apache_normalize_path_rce', 'linux/http/apache_continuum_cmd_exec', 'linux/http/apache_couchdb_cmd_exec', 'multi/http/apache_couchdb_erlang_rce', 'linux/http/apache_druid_js_rce', 'multi/http/apache_flink_jar_upload_exec', 'multi/http/apache_nifi_processor_rce', 'linux/http/apache_ofbiz_deserialization_soap', 'linux/http/apache_ofbiz_deserialization', 'multi/misc/openoffice_document_macro', 'multi/http/apache_roller_ognl_injection', 'multi/http/shiro_rememberme_v124_deserialize', 'multi/http/solr_velocity_rce', 'linux/http/spark_unauth_rce', 'linux/http/apache_spark_rce_cve_2022_33891', 'linux/misc/nimbus_gettopologyhistory_cmd_exec', 'multi/http/struts_default_action_mapper', 'multi/http/struts_dev_mode', 'multi/http/struts2_multi_eval_ognl', 'multi/http/struts2_namespace_ognl', 'multi/http/struts2_rest_xstream', 'multi/http/struts2_code_exec_showcase', 'multi/http/struts_dmi_exec', 'multi/http/struts2_content_type_ognl', 'multi/http/struts_code_exec_parameters', 'multi/http/struts_dmi_rest_exec', 'multi/http/struts_code_exec', 'multi/http/struts_code_exec_exception_delegator', 'multi/http/struts_include_params', 'multi/http/tomcat_mgr_deploy', 'multi/http/tomcat_mgr_upload', 'multi/http/apache_mod_cgi_bash_env_exec']}, {'prod_name': 'samba', 'version': '3.X - 4.X', 'protocol': 'tcp', 'exploit': ['multi/samba/usermap_script', 'linux/samba/chain_reply', 'linux/samba/is_known_pipename', 'linux/samba/lsa_transnames_heap', 'linux/samba/trans2open']}, {'prod_name': 'samba', 'version': '3.X - 4.X', 'protocol': 'tcp', 'exploit': ['multi/samba/usermap_script', 'linux/samba/chain_reply', 'linux/samba/is_known_pipename', 'linux/samba/lsa_transnames_heap', 'linux/samba/trans2open']}, {'prod_name': 'proftpd', 'version': '1.3.1', 'protocol': 'tcp', 'exploit': ['linux/ftp/proftp_sreplace', 'linux/ftp/proftp_telnet_iac', 'unix/ftp/proftpd_modcopy_exec', 'unix/ftp/proftpd_133c_backdoor']}, {'prod_name': 'mysql', 'version': '5.0.51a-3ubuntu5', 'protocol': 'tcp', 'exploit': ['linux/mysql/mysql_yassl_getname', 'linux/mysql/mysql_yassl_hello', 'multi/mysql/mysql_udf_payload']}, {'prod_name': 'distcc', 'version': 'v1', 'protocol': 'tcp', 'exploit': ['unix/misc/distcc_exec']}, {'prod_name': 'postgresql', 'version': '8.3.0 - 8.3.7', 'protocol': 'tcp', 'exploit': ['multi/postgres/postgres_copy_from_program_cmd_exec', 'multi/postgres/postgres_createlang', 'linux/postgres/postgres_payload']}, {'prod_name': 'vnc', 'version': 'unknown', 'protocol': 'tcp', 'exploit': ['linux/misc/igel_command_injection', 'multi/vnc/vnc_keyboard_exec']}, {'prod_name': 'irc', 'version': 'unknown', 'protocol': 'tcp', 'exploit': ['multi/misc/legend_bot_exec', 'multi/misc/pbot_exec', 'unix/irc/unreal_ircd_3281_backdoor', 'multi/misc/xdh_x_exec', 'multi/misc/w3tw0rk_exec']}, {'prod_name': 'irc', 'version': 'unknown', 'protocol': 'tcp', 'exploit': ['multi/misc/legend_bot_exec', 'multi/misc/pbot_exec', 'unix/irc/unreal_ircd_3281_backdoor', 'multi/misc/xdh_x_exec', 'multi/misc/w3tw0rk_exec']}, {'prod_name': 'apache', 'version': 'unknown', 'protocol': 'tcp', 'exploit': ['multi/http/apache_normalize_path_rce', 'linux/http/apache_continuum_cmd_exec', 'linux/http/apache_couchdb_cmd_exec', 'multi/http/apache_couchdb_erlang_rce', 'linux/http/apache_druid_js_rce', 'multi/http/apache_flink_jar_upload_exec', 'multi/http/apache_nifi_processor_rce', 'linux/http/apache_ofbiz_deserialization_soap', 'linux/http/apache_ofbiz_deserialization', 'multi/misc/openoffice_document_macro', 'multi/http/apache_roller_ognl_injection', 'multi/http/shiro_rememberme_v124_deserialize', 'multi/http/solr_velocity_rce', 'linux/http/spark_unauth_rce', 'linux/http/apache_spark_rce_cve_2022_33891', 'linux/misc/nimbus_gettopologyhistory_cmd_exec', 'multi/http/struts_default_action_mapper', 'multi/http/struts_dev_mode', 'multi/http/struts2_multi_eval_ognl', 'multi/http/struts2_namespace_ognl', 'multi/http/struts2_rest_xstream', 'multi/http/struts2_code_exec_showcase', 'multi/http/struts_dmi_exec', 'multi/http/struts2_content_type_ognl', 'multi/http/struts_code_exec_parameters', 'multi/http/struts_dmi_rest_exec', 'multi/http/struts_code_exec', 'multi/http/struts_code_exec_exception_delegator', 'multi/http/struts_include_params', 'multi/http/tomcat_mgr_deploy', 'multi/http/tomcat_mgr_upload', 'multi/http/apache_mod_cgi_bash_env_exec']}, {'prod_name': 'apache', 'version': '1.1', 'protocol': 'tcp', 'exploit': ['multi/http/apache_normalize_path_rce', 'linux/http/apache_continuum_cmd_exec', 'linux/http/apache_couchdb_cmd_exec', 'multi/http/apache_couchdb_erlang_rce', 'linux/http/apache_druid_js_rce', 'multi/http/apache_flink_jar_upload_exec', 'multi/http/apache_nifi_processor_rce', 'linux/http/apache_ofbiz_deserialization_soap', 'linux/http/apache_ofbiz_deserialization', 'multi/misc/openoffice_document_macro', 'multi/http/apache_roller_ognl_injection', 'multi/http/shiro_rememberme_v124_deserialize', 'multi/http/solr_velocity_rce', 'linux/http/spark_unauth_rce', 'linux/http/apache_spark_rce_cve_2022_33891', 'linux/misc/nimbus_gettopologyhistory_cmd_exec', 'multi/http/struts_default_action_mapper', 'multi/http/struts_dev_mode', 'multi/http/struts2_multi_eval_ognl', 'multi/http/struts2_namespace_ognl', 'multi/http/struts2_rest_xstream', 'multi/http/struts2_code_exec_showcase', 'multi/http/struts_dmi_exec', 'multi/http/struts2_content_type_ognl', 'multi/http/struts_code_exec_parameters', 'multi/http/struts_dmi_rest_exec', 'multi/http/struts_code_exec', 'multi/http/struts_code_exec_exception_delegator', 'multi/http/struts_include_params', 'multi/http/tomcat_mgr_deploy', 'multi/http/tomcat_mgr_upload', 'multi/http/apache_mod_cgi_bash_env_exec']}]",145,10,"[{'type': 'shell', 'port': '21', 'prod_name': 'vsftpd', 'exploit': 'unix/ftp/vsftpd_234_backdoor', 'target': '0', 'payload': 'cmd/unix/interact'}, {'type': 'shell', 'port': '139', 'prod_name': 'samba', 'exploit': 'multi/samba/usermap_script', 'target': '0', 'payload': 'cmd/unix/bind_netcat'}, {'type': 'shell', 'port': '139', 'prod_name': 'samba', 'exploit': 'multi/samba/usermap_script', 'target': '0', 'payload': 'cmd/unix/bind_netcat_gaping'}, {'type': 'shell', 'port': '139', 'prod_name': 'samba', 'exploit': 'multi/samba/usermap_script', 'target': '0', 'payload': 'cmd/unix/bind_perl'}, {'type': 'shell', 'port': '139', 'prod_name': 'samba', 'exploit': 'multi/samba/usermap_script', 'target': '0', 'payload': 'cmd/unix/bind_ruby'}, {'type': 'shell', 'port': '139', 'prod_name': 'samba', 'exploit': 'multi/samba/usermap_script', 'target': '0', 'payload': 'cmd/unix/bind_ruby_ipv6'}, {'type': 'shell', 'port': '139', 'prod_name': 'samba', 'exploit': 'multi/samba/usermap_script', 'target': '0', 'payload': 'cmd/unix/bind_socat_udp'}, {'type': 'shell', 'port': '139', 'prod_name': 'samba', 'exploit': 'multi/samba/usermap_script', 'target': '0', 'payload': 'cmd/unix/bind_zsh'}, {'type': 'shell', 'port': '3632', 'prod_name': 'distccd', 'exploit': 'unix/misc/distcc_exec', 'target': '0', 'payload': 'cmd/unix/bind_perl'}, {'type': 'shell', 'port': '6667', 'prod_name': 'irc', 'exploit': 'unix/irc/unreal_ircd_3281_backdoor', 'target': '0', 'payload': 'cmd/unix/bind_perl'}]",True
linux,13,"['21', '22', '23', '25', '53', '80', '139', '445', '3306', '3632', '5432', '8009', '8180']",13,"['proftpd', 'ssh', 'telnet', 'postfix smtpd', 'isc bind', 'apache', 'samba', 'samba', 'mysql', 'distcc', 'postgresql', 'apache', 'apache']","[{'prod_name': 'proftpd', 'version': '1.3.1', 'protocol': 'tcp', 'exploit': ['linux/ftp/proftp_sreplace', 'linux/ftp/proftp_telnet_iac', 'unix/ftp/proftpd_modcopy_exec', 'unix/ftp/proftpd_133c_backdoor']}, {'prod_name': 'ssh', 'version': '4.7p1 Debian 8ubuntu1', 'protocol': 'tcp', 'exploit': ['linux/ssh/ceragon_fibeair_known_privkey', 'linux/ssh/exagrid_known_privkey', 'linux/ssh/f5_bigip_known_privkey', 'linux/ssh/loadbalancerorg_enterprise_known_privkey', 'linux/ssh/mercurial_ssh_exec', 'linux/ssh/quantum_dxi_known_privkey', 'linux/ssh/solarwinds_lem_exec', 'linux/http/sourcegraph_gitserver_sshcmd', 'linux/ssh/symantec_smg_ssh', 'unix/ssh/tectia_passwd_changereq', 'linux/ssh/vmware_vdp_known_privkey']}, {'prod_name': 'telnet', 'version': 'unknown', 'protocol': 'tcp', 'exploit': ['linux/telnet/telnet_encrypt_keyid', 'linux/telnet/netgear_telnetenable', 'linux/ftp/proftp_telnet_iac', 'linux/http/tp_link_sc2020n_authenticated_telnet_injection']}, {'prod_name': 'apache', 'version': '2.2.8', 'protocol': 'tcp', 'exploit': ['multi/http/apache_normalize_path_rce', 'linux/http/apache_continuum_cmd_exec', 'linux/http/apache_couchdb_cmd_exec', 'multi/http/apache_couchdb_erlang_rce', 'linux/http/apache_druid_js_rce', 'multi/http/apache_flink_jar_upload_exec', 'multi/http/apache_nifi_processor_rce', 'linux/http/apache_ofbiz_deserialization_soap', 'linux/http/apache_ofbiz_deserialization', 'multi/misc/openoffice_document_macro', 'multi/http/apache_roller_ognl_injection', 'multi/http/shiro_rememberme_v124_deserialize', 'multi/http/solr_velocity_rce', 'linux/http/spark_unauth_rce', 'linux/http/apache_spark_rce_cve_2022_33891', 'linux/misc/nimbus_gettopologyhistory_cmd_exec', 'multi/http/struts_default_action_mapper', 'multi/http/struts_dev_mode', 'multi/http/struts2_multi_eval_ognl', 'multi/http/struts2_namespace_ognl', 'multi/http/struts2_rest_xstream', 'multi/http/struts2_code_exec_showcase', 'multi/http/struts_dmi_exec', 'multi/http/struts2_content_type_ognl', 'multi/http/struts_code_exec_parameters', 'multi/http/struts_dmi_rest_exec', 'multi/http/struts_code_exec', 'multi/http/struts_code_exec_exception_delegator', 'multi/http/struts_include_params', 'multi/http/tomcat_mgr_deploy', 'multi/http/tomcat_mgr_upload', 'multi/http/apache_mod_cgi_bash_env_exec']}, {'prod_name': 'samba', 'version': '3.X - 4.X', 'protocol': 'tcp', 'exploit': ['multi/samba/usermap_script', 'linux/samba/chain_reply', 'linux/samba/is_known_pipename', 'linux/samba/lsa_transnames_heap', 'linux/samba/trans2open']}, {'prod_name': 'samba', 'version': '3.X - 4.X', 'protocol': 'tcp', 'exploit': ['multi/samba/usermap_script', 'linux/samba/chain_reply', 'linux/samba/is_known_pipename', 'linux/samba/lsa_transnames_heap', 'linux/samba/trans2open']}, {'prod_name': 'mysql', 'version': '5.0.51a-3ubuntu5', 'protocol': 'tcp', 'exploit': ['linux/mysql/mysql_yassl_getname', 'linux/mysql/mysql_yassl_hello', 'multi/mysql/mysql_udf_payload']}, {'prod_name': 'distcc', 'version': 'v1', 'protocol': 'tcp', 'exploit': ['unix/misc/distcc_exec']}, {'prod_name': 'postgresql', 'version': '8.3.0 - 8.3.7', 'protocol': 'tcp', 'exploit': ['multi/postgres/postgres_copy_from_program_cmd_exec', 'multi/postgres/postgres_createlang', 'linux/postgres/postgres_payload']}, {'prod_name': 'apache', 'version': 'unknown', 'protocol': 'tcp', 'exploit': ['multi/http/apache_normalize_path_rce', 'linux/http/apache_continuum_cmd_exec', 'linux/http/apache_couchdb_cmd_exec', 'multi/http/apache_couchdb_erlang_rce', 'linux/http/apache_druid_js_rce', 'multi/http/apache_flink_jar_upload_exec', 'multi/http/apache_nifi_processor_rce', 'linux/http/apache_ofbiz_deserialization_soap', 'linux/http/apache_ofbiz_deserialization', 'multi/misc/openoffice_document_macro', 'multi/http/apache_roller_ognl_injection', 'multi/http/shiro_rememberme_v124_deserialize', 'multi/http/solr_velocity_rce', 'linux/http/spark_unauth_rce', 'linux/http/apache_spark_rce_cve_2022_33891', 'linux/misc/nimbus_gettopologyhistory_cmd_exec', 'multi/http/struts_default_action_mapper', 'multi/http/struts_dev_mode', 'multi/http/struts2_multi_eval_ognl', 'multi/http/struts2_namespace_ognl', 'multi/http/struts2_rest_xstream', 'multi/http/struts2_code_exec_showcase', 'multi/http/struts_dmi_exec', 'multi/http/struts2_content_type_ognl', 'multi/http/struts_code_exec_parameters', 'multi/http/struts_dmi_rest_exec', 'multi/http/struts_code_exec', 'multi/http/struts_code_exec_exception_delegator', 'multi/http/struts_include_params', 'multi/http/tomcat_mgr_deploy', 'multi/http/tomcat_mgr_upload', 'multi/http/apache_mod_cgi_bash_env_exec']}, {'prod_name': 'apache', 'version': '1.1', 'protocol': 'tcp', 'exploit': ['multi/http/apache_normalize_path_rce', 'linux/http/apache_continuum_cmd_exec', 'linux/http/apache_couchdb_cmd_exec', 'multi/http/apache_couchdb_erlang_rce', 'linux/http/apache_druid_js_rce', 'multi/http/apache_flink_jar_upload_exec', 'multi/http/apache_nifi_processor_rce', 'linux/http/apache_ofbiz_deserialization_soap', 'linux/http/apache_ofbiz_deserialization', 'multi/misc/openoffice_document_macro', 'multi/http/apache_roller_ognl_injection', 'multi/http/shiro_rememberme_v124_deserialize', 'multi/http/solr_velocity_rce', 'linux/http/spark_unauth_rce', 'linux/http/apache_spark_rce_cve_2022_33891', 'linux/misc/nimbus_gettopologyhistory_cmd_exec', 'multi/http/struts_default_action_mapper', 'multi/http/struts_dev_mode', 'multi/http/struts2_multi_eval_ognl', 'multi/http/struts2_namespace_ognl', 'multi/http/struts2_rest_xstream', 'multi/http/struts2_code_exec_showcase', 'multi/http/struts_dmi_exec', 'multi/http/struts2_content_type_ognl', 'multi/http/struts_code_exec_parameters', 'multi/http/struts_dmi_rest_exec', 'multi/http/struts_code_exec', 'multi/http/struts_code_exec_exception_delegator', 'multi/http/struts_include_params', 'multi/http/tomcat_mgr_deploy', 'multi/http/tomcat_mgr_upload', 'multi/http/apache_mod_cgi_bash_env_exec']}]",132,5,"[{'type': 'shell', 'port': '139', 'prod_name': 'samba', 'exploit': 'multi/samba/usermap_script', 'target': '0', 'payload': 'cmd/unix/bind_netcat'}, {'type': 'shell', 'port': '139', 'prod_name': 'samba', 'exploit': 'multi/samba/usermap_script', 'target': '0', 'payload': 'cmd/unix/bind_netcat_gaping'}, {'type': 'shell', 'port': '139', 'prod_name': 'samba', 'exploit': 'multi/samba/usermap_script', 'target': '0', 'payload': 'cmd/unix/bind_perl'}, {'type': 'shell', 'port': '139', 'prod_name': 'samba', 'exploit': 'multi/samba/usermap_script', 'target': '0', 'payload': 'cmd/unix/bind_ruby'}, {'type': 'shell', 'port': '139', 'prod_name': 'samba', 'exploit': 'multi/samba/usermap_script', 'target': '0', 'payload': 'cmd/unix/bind_ruby_ipv6'}]",True
linux,27,"['21', '22', '23', '25', '53', '111', '139', '445', '512', '513', '514', '1099', '1524', '2049', '2121', '3306', '3632', '5432', '5900', '6000', '6667', '6697', '8787', '41038', '44255', '44269', '48190']",21,"['vsftpd', 'ssh', 'telnet', 'postfix smtpd', 'isc bind', 'samba', 'samba', 'netkit-rsh rexecd', 'openbsd or solaris rlogind', 'netkit rshd', 'java-rmi', 'metasploitable root shell', 'proftpd', 'mysql', 'distcc', 'postgresql', 'vnc', 'irc', 'irc', 'ruby drb rmi', 'java-rmi']","[{'prod_name': 'vsftpd', 'version': '2.3.4', 'protocol': 'tcp', 'exploit': ['unix/ftp/vsftpd_234_backdoor']}, {'prod_name': 'ssh', 'version': '4.7p1 Debian 8ubuntu1', 'protocol': 'tcp', 'exploit': ['linux/ssh/ceragon_fibeair_known_privkey', 'linux/ssh/exagrid_known_privkey', 'linux/ssh/f5_bigip_known_privkey', 'linux/ssh/loadbalancerorg_enterprise_known_privkey', 'linux/ssh/mercurial_ssh_exec', 'linux/ssh/quantum_dxi_known_privkey', 'linux/ssh/solarwinds_lem_exec', 'linux/http/sourcegraph_gitserver_sshcmd', 'linux/ssh/symantec_smg_ssh', 'unix/ssh/tectia_passwd_changereq', 'linux/ssh/vmware_vdp_known_privkey']}, {'prod_name': 'telnet', 'version': 'unknown', 'protocol': 'tcp', 'exploit': ['linux/telnet/telnet_encrypt_keyid', 'linux/telnet/netgear_telnetenable', 'linux/ftp/proftp_telnet_iac', 'linux/http/tp_link_sc2020n_authenticated_telnet_injection']}, {'prod_name': 'samba', 'version': '3.X - 4.X', 'protocol': 'tcp', 'exploit': ['multi/samba/usermap_script', 'linux/samba/chain_reply', 'linux/samba/is_known_pipename', 'linux/samba/lsa_transnames_heap', 'linux/samba/trans2open']}, {'prod_name': 'samba', 'version': '3.X - 4.X', 'protocol': 'tcp', 'exploit': ['multi/samba/usermap_script', 'linux/samba/chain_reply', 'linux/samba/is_known_pipename', 'linux/samba/lsa_transnames_heap', 'linux/samba/trans2open']}, {'prod_name': 'proftpd', 'version': '1.3.1', 'protocol': 'tcp', 'exploit': ['linux/ftp/proftp_sreplace', 'linux/ftp/proftp_telnet_iac', 'unix/ftp/proftpd_modcopy_exec', 'unix/ftp/proftpd_133c_backdoor']}, {'prod_name': 'mysql', 'version': '5.0.51a-3ubuntu5', 'protocol': 'tcp', 'exploit': ['linux/mysql/mysql_yassl_getname', 'linux/mysql/mysql_yassl_hello', 'multi/mysql/mysql_udf_payload']}, {'prod_name': 'distcc', 'version': 'v1', 'protocol': 'tcp', 'exploit': ['unix/misc/distcc_exec']}, {'prod_name': 'postgresql', 'version': '8.3.0 - 8.3.7', 'protocol': 'tcp', 'exploit': ['multi/postgres/postgres_copy_from_program_cmd_exec', 'multi/postgres/postgres_createlang', 'linux/postgres/postgres_payload']}, {'prod_name': 'vnc', 'version': 'unknown', 'protocol': 'tcp', 'exploit': ['linux/misc/igel_command_injection', 'multi/vnc/vnc_keyboard_exec']}, {'prod_name': 'irc', 'version': 'unknown', 'protocol': 'tcp', 'exploit': ['multi/misc/legend_bot_exec', 'multi/misc/pbot_exec', 'unix/irc/unreal_ircd_3281_backdoor', 'multi/misc/xdh_x_exec', 'multi/misc/w3tw0rk_exec']}, {'prod_name': 'irc', 'version': 'unknown', 'protocol': 'tcp', 'exploit': ['multi/misc/legend_bot_exec', 'multi/misc/pbot_exec', 'unix/irc/unreal_ircd_3281_backdoor', 'multi/misc/xdh_x_exec', 'multi/misc/w3tw0rk_exec']}]",49,8,"[{'type': 'shell', 'port': '21', 'prod_name': 'vsftpd', 'exploit': 'unix/ftp/vsftpd_234_backdoor', 'target': '0', 'payload': 'cmd/unix/interact'}, {'type': 'shell', 'port': '139', 'prod_name': 'samba', 'exploit': 'multi/samba/usermap_script', 'target': '0', 'payload': 'cmd/unix/bind_netcat'}, {'type': 'shell', 'port': '139', 'prod_name': 'samba', 'exploit': 'multi/samba/usermap_script', 'target': '0', 'payload': 'cmd/unix/bind_netcat_gaping'}, {'type': 'shell', 'port': '139', 'prod_name': 'samba', 'exploit': 'multi/samba/usermap_script', 'target': '0', 'payload': 'cmd/unix/bind_perl'}, {'type': 'shell', 'port': '139', 'prod_name': 'samba', 'exploit': 'multi/samba/usermap_script', 'target': '0', 'payload': 'cmd/unix/bind_ruby'}, {'type': 'shell', 'port': '139', 'prod_name': 'samba', 'exploit': 'multi/samba/usermap_script', 'target': '0', 'payload': 'cmd/unix/bind_ruby_ipv6'}, {'type': 'shell', 'port': '139', 'prod_name': 'samba', 'exploit': 'multi/samba/usermap_script', 'target': '0', 'payload': 'cmd/unix/bind_socat_udp'}, {'type': 'shell', 'port': '139', 'prod_name': 'samba', 'exploit': 'multi/samba/usermap_script', 'target': '0', 'payload': 'cmd/unix/bind_zsh'}]",True
linux,25,"['21', '22', '23', '25', '53', '111', '512', '513', '514', '1099', '1524', '2049', '2121', '3306', '3632', '5432', '5900', '6000', '6667', '6697', '8787', '41038', '44255', '44269', '48190']",18,"['vsftpd', 'ssh', 'telnet', 'postfix smtpd', 'isc bind', 'netkit-rsh rexecd', 'netkit rshd', 'java-rmi', 'metasploitable root shell', 'proftpd', 'mysql', 'distcc', 'postgresql', 'vnc', 'irc', 'irc', 'ruby drb rmi', 'java-rmi']","[{'prod_name': 'vsftpd', 'version': '2.3.4', 'protocol': 'tcp', 'exploit': ['unix/ftp/vsftpd_234_backdoor']}, {'prod_name': 'ssh', 'version': '4.7p1 Debian 8ubuntu1', 'protocol': 'tcp', 'exploit': ['linux/ssh/ceragon_fibeair_known_privkey', 'linux/ssh/exagrid_known_privkey', 'linux/ssh/f5_bigip_known_privkey', 'linux/ssh/loadbalancerorg_enterprise_known_privkey', 'linux/ssh/mercurial_ssh_exec', 'linux/ssh/quantum_dxi_known_privkey', 'linux/ssh/solarwinds_lem_exec', 'linux/http/sourcegraph_gitserver_sshcmd', 'linux/ssh/symantec_smg_ssh', 'unix/ssh/tectia_passwd_changereq', 'linux/ssh/vmware_vdp_known_privkey']}, {'prod_name': 'telnet', 'version': 'unknown', 'protocol': 'tcp', 'exploit': ['linux/telnet/telnet_encrypt_keyid', 'linux/telnet/netgear_telnetenable', 'linux/ftp/proftp_telnet_iac', 'linux/http/tp_link_sc2020n_authenticated_telnet_injection']}, {'prod_name': 'proftpd', 'version': '1.3.1', 'protocol': 'tcp', 'exploit': ['linux/ftp/proftp_sreplace', 'linux/ftp/proftp_telnet_iac', 'unix/ftp/proftpd_modcopy_exec', 'unix/ftp/proftpd_133c_backdoor']}, {'prod_name': 'mysql', 'version': '5.0.51a-3ubuntu5', 'protocol': 'tcp', 'exploit': ['linux/mysql/mysql_yassl_getname', 'linux/mysql/mysql_yassl_hello', 'multi/mysql/mysql_udf_payload']}, {'prod_name': 'distcc', 'version': 'v1', 'protocol': 'tcp', 'exploit': ['unix/misc/distcc_exec']}, {'prod_name': 'postgresql', 'version': '8.3.0 - 8.3.7', 'protocol': 'tcp', 'exploit': ['multi/postgres/postgres_copy_from_program_cmd_exec', 'multi/postgres/postgres_createlang', 'linux/postgres/postgres_payload']}, {'prod_name': 'vnc', 'version': 'unknown', 'protocol': 'tcp', 'exploit': ['linux/misc/igel_command_injection', 'multi/vnc/vnc_keyboard_exec']}, {'prod_name': 'irc', 'version': 'unknown', 'protocol': 'tcp', 'exploit': ['multi/misc/legend_bot_exec', 'multi/misc/pbot_exec', 'unix/irc/unreal_ircd_3281_backdoor', 'multi/misc/xdh_x_exec', 'multi/misc/w3tw0rk_exec']}, {'prod_name': 'irc', 'version': 'unknown', 'protocol': 'tcp', 'exploit': ['multi/misc/legend_bot_exec', 'multi/misc/pbot_exec', 'unix/irc/unreal_ircd_3281_backdoor', 'multi/misc/xdh_x_exec', 'multi/misc/w3tw0rk_exec']}]",39,3,"[{'type': 'shell', 'port': '21', 'prod_name': 'vsftpd', 'exploit': 'unix/ftp/vsftpd_234_backdoor', 'target': '0', 'payload': 'cmd/unix/interact'}, {'type': 'shell', 'port': '3632', 'prod_name': 'distcc', 'exploit': 'unix/misc/distcc_exec', 'target': '0', 'payload': 'cmd/unix/bind_perl'}, {'type': 'meterpreter', 'port': '5432', 'prod_name': 'postgresql', 'exploit': 'linux/postgres/postgres_payload', 'target': '0', 'payload': 'linux/x86/meterpreter/bind_ipv6_tcp'}]",True
linux,18,"['25', '53', '111', '139', '445', '1099', '2049', '3306', '3632', '6667', '6697', '8009', '8180', '8787', '46220', '50156', '57961', '58556']",13,"['postfix smtpd', 'isc bind', 'samba', 'samba', 'java-rmi', 'mysql', 'distcc', 'irc', 'irc', 'apache', 'apache', 'ruby drb rmi', 'java-rmi']","[{'prod_name': 'samba', 'version': '3.X - 4.X', 'protocol': 'tcp', 'exploit': ['multi/samba/usermap_script', 'linux/samba/chain_reply', 'linux/samba/is_known_pipename', 'linux/samba/lsa_transnames_heap', 'linux/samba/trans2open']}, {'prod_name': 'samba', 'version': '3.X - 4.X', 'protocol': 'tcp', 'exploit': ['multi/samba/usermap_script', 'linux/samba/chain_reply', 'linux/samba/is_known_pipename', 'linux/samba/lsa_transnames_heap', 'linux/samba/trans2open']}, {'prod_name': 'mysql', 'version': '5.0.51a-3ubuntu5', 'protocol': 'tcp', 'exploit': ['linux/mysql/mysql_yassl_getname', 'linux/mysql/mysql_yassl_hello', 'multi/mysql/mysql_udf_payload']}, {'prod_name': 'distcc', 'version': 'v1', 'protocol': 'tcp', 'exploit': ['unix/misc/distcc_exec']}, {'prod_name': 'irc', 'version': 'unknown', 'protocol': 'tcp', 'exploit': ['multi/misc/legend_bot_exec', 'multi/misc/pbot_exec', 'unix/irc/unreal_ircd_3281_backdoor', 'multi/misc/xdh_x_exec', 'multi/misc/w3tw0rk_exec']}, {'prod_name': 'irc', 'version': 'unknown', 'protocol': 'tcp', 'exploit': ['multi/misc/legend_bot_exec', 'multi/misc/pbot_exec', 'unix/irc/unreal_ircd_3281_backdoor', 'multi/misc/xdh_x_exec', 'multi/misc/w3tw0rk_exec']}, {'prod_name': 'apache', 'version': 'unknown', 'protocol': 'tcp', 'exploit': ['multi/http/apache_normalize_path_rce', 'linux/http/apache_continuum_cmd_exec', 'linux/http/apache_couchdb_cmd_exec', 'multi/http/apache_couchdb_erlang_rce', 'linux/http/apache_druid_js_rce', 'multi/http/apache_flink_jar_upload_exec', 'multi/http/apache_nifi_processor_rce', 'linux/http/apache_ofbiz_deserialization_soap', 'linux/http/apache_ofbiz_deserialization', 'multi/misc/openoffice_document_macro', 'multi/http/apache_roller_ognl_injection', 'multi/http/shiro_rememberme_v124_deserialize', 'multi/http/solr_velocity_rce', 'linux/http/spark_unauth_rce', 'linux/http/apache_spark_rce_cve_2022_33891', 'linux/misc/nimbus_gettopologyhistory_cmd_exec', 'multi/http/struts_default_action_mapper', 'multi/http/struts_dev_mode', 'multi/http/struts2_multi_eval_ognl', 'multi/http/struts2_namespace_ognl', 'multi/http/struts2_rest_xstream', 'multi/http/struts2_code_exec_showcase', 'multi/http/struts_dmi_exec', 'multi/http/struts2_content_type_ognl', 'multi/http/struts_code_exec_parameters', 'multi/http/struts_dmi_rest_exec', 'multi/http/struts_code_exec', 'multi/http/struts_code_exec_exception_delegator', 'multi/http/struts_include_params', 'multi/http/tomcat_mgr_deploy', 'multi/http/tomcat_mgr_upload', 'multi/http/apache_mod_cgi_bash_env_exec']}, {'prod_name': 'apache', 'version': '1.1', 'protocol': 'tcp', 'exploit': ['multi/http/apache_normalize_path_rce', 'linux/http/apache_continuum_cmd_exec', 'linux/http/apache_couchdb_cmd_exec', 'multi/http/apache_couchdb_erlang_rce', 'linux/http/apache_druid_js_rce', 'multi/http/apache_flink_jar_upload_exec', 'multi/http/apache_nifi_processor_rce', 'linux/http/apache_ofbiz_deserialization_soap', 'linux/http/apache_ofbiz_deserialization', 'multi/misc/openoffice_document_macro', 'multi/http/apache_roller_ognl_injection', 'multi/http/shiro_rememberme_v124_deserialize', 'multi/http/solr_velocity_rce', 'linux/http/spark_unauth_rce', 'linux/http/apache_spark_rce_cve_2022_33891', 'linux/misc/nimbus_gettopologyhistory_cmd_exec', 'multi/http/struts_default_action_mapper', 'multi/http/struts_dev_mode', 'multi/http/struts2_multi_eval_ognl', 'multi/http/struts2_namespace_ognl', 'multi/http/struts2_rest_xstream', 'multi/http/struts2_code_exec_showcase', 'multi/http/struts_dmi_exec', 'multi/http/struts2_content_type_ognl', 'multi/http/struts_code_exec_parameters', 'multi/http/struts_dmi_rest_exec', 'multi/http/struts_code_exec', 'multi/http/struts_code_exec_exception_delegator', 'multi/http/struts_include_params', 'multi/http/tomcat_mgr_deploy', 'multi/http/tomcat_mgr_upload', 'multi/http/apache_mod_cgi_bash_env_exec']}]",88,5,"[{'type': 'shell', 'port': '139', 'prod_name': 'samba', 'exploit': 'multi/samba/usermap_script', 'target': '0', 'payload': 'cmd/unix/bind_netcat'}, {'type': 'shell', 'port': '445', 'prod_name': 'samba', 'exploit': 'multi/samba/usermap_script', 'target': '0', 'payload': 'cmd/unix/bind_netcat'}, {'type': 'shell', 'port': '3632', 'prod_name': 'distcc', 'exploit': 'unix/misc/distcc_exec', 'target': '0', 'payload': 'cmd/unix/bind_perl'}, {'type': 'shell', 'port': '6667', 'prod_name': 'irc', 'exploit': 'unix/irc/unreal_ircd_3281_backdoor', 'target': '0', 'payload': 'cmd/unix/bind_ruby_ipv6'}, {'type': 'shell', 'port': '8009', 'prod_name': 'apache', 'exploit': 'linux/http/apache_ofbiz_deserialization_soap', 'target': '0', 'payload': 'cmd/unix/bind_awk'}]",True
